,Diplomatic,Aviation,Migration
Diplomatic,1.0,0.7399771557847058,0.7593140050115658
Aviation,0.7399771557847058,1.0,0.6899147967862722
Migration,0.7593140050115658,0.6899147967862722,1.0
